Person ID,Gender,Age,Occupation,Sleep Duration,Quality of Sleep,Physical Activity Level,Stress Level,BMI Category,Blood Pressure,Heart Rate,Daily Steps,Sleep Disorder
239.0,F,39.0,engineer,3.5,6.0,26.0,4.0,Overweight,160/100,77.0,8867.0,NONE
115.0,Female,200.0,Doctor,3.2,4.0,79.0,4.0,OVERWEIGHT,05/70,73.0,13985.0,
108.0,,35.0,Accountant,9.2,9.0,,3.0,Normal,120/80,60.0,12810.0,
235.0,,37.0,Software Engineer,4.8,,83.0,1.0,Underweight,120/80,,,
221.0,Female ,62.0,Accountant,4.6,3.0,17.0,1.0,,160/100,77.0,1700.0,Insomnia 
15.0,M,18.0,Scientist,8.7,6.0,51.0,9.0,Overweight,160/100,97.0,11989.0,Insomnia
229.0,FEMALE,38.0,Accountant,5.9,9.0,26.0,2.0,Obese, 118/76,73.0,,None
21.0, Male,63.0,Salesperson,9.7,1.0,83.0,5.0,,140/95 ,91.0,11445.0,NONE
294.0,Male,26.0,Nurse,5.3,-3.0,43.0,1.0,normal,140/95 ,64.0,14054.0,none
221.0,Female ,62.0,Accountant,4.6,3.0,17.0,1.0,,160/100,77.0,1700.0,Insomnia 
145.0,,34.0,engineer,3.3,4.0,67.0,5.0,Underweight,05/70,65.0,3543.0,
213.0,M,36.0,Software Engineer,3.7,2.0,90.0,0.0,Underweight,160/100,73.0,2552.0,Insomnia
156.0,F,68.0,Software Engineer,9.2,3.0,77.0,7.0,OVERWEIGHT,140/95 ,99.0,1548.0,NONE
345.0,FEMALE,,engineer,6.8,6.0,54.0,8.0,,110/70,61.0,7458.0,NONE
200.0,,33.0,,3.6,8.0,32.0,1.0,Obese,110/70,60.0,14278.0,
343.0, Male,62.0,Doctor,6.9,8.0,11.0,1.0,,90/60,,13542.0,Insomnia 
349.0,Male,21.0,Sales Representative,4.3,9.0,38.0,9.0,Underweight,110/70,,8960.0,sleep apnea
206.0, Male,23.0,,3.6,,73.0,3.0,,90/60,84.0,12893.0,None
138.0,Male,39.0,Scientist,5.1,9.0,86.0,1.0,Underweight,110/70,,,Sleep Apnea
272.0,Female ,27.0,Sales Representative,6.6,5.0,65.0,7.0,OVERWEIGHT,200/140,61.0,5090.0,Insomnia 
128.0,Female ,34.0,Salesperson,5.5,4.0,3.0,7.0,Obese,90/60,84.0,8737.0,
89.0, Male,59.0,Teacher,5.0,1.0,84.0,4.0,Underweight,120/80,71.0,10961.0,None
15.0,male,,Accountant,3.5,6.0,20.0,,Obese, 118/76,80.0,11491.0,Insomnia 
190.0,Female,51.0,,,7.0,62.0,,Overweight, 118/76,72.0,14173.0,none
136.0,Male,23.0,Engineer,,1.0,4.0,6.0,,200/140,92.0,50000.0,NONE
185.0,Female,22.0,Salesperson,5.5,7.0,27.0,4.0,Obese,140/95 ,69.0,5467.0,Sleep Apnea
365.0,Female,50.0,Teacher,6.6,6.0,11.0,2.0,,05/70,,13777.0,NONE
140.0,,59.0,Software Engineer,14.4,1.0,70.0,2.0,OVERWEIGHT,140/95 ,81.0,2777.0,Insomnia
259.0,M,55.0,Engineer,20.3,9.0,98.0,,normal,130/85,94.0,10697.0,NONE
283.0,,39.0,Engineer,6.0,4.0,0.0,9.0,,130/85,97.0,10228.0,Insomnia
174.0,,49.0,Lawyer,,7.0,3.0,,normal,05/70,60.0,7967.0,none
285.0,F,25.0,,6.4,2.0,99.0,4.0,OVERWEIGHT,120/80,69.0,7675.0,Sleep Apnea
103.0,Female,60.0,Software Engineer,9.8,3.0,81.0,15.0,Normal,140/95 ,78.0,5815.0,NONE
196.0,Female,69.0,DOCTOR,4.8,-3.0,,,, 118/76,95.0,11144.0,sleep apnea
75.0,Male,30.0,Doctor,3.4,9.0,,7.0,OVERWEIGHT,140/95 ,96.0,4932.0,Sleep Apnea
241.0,,200.0,Manager,9.6,8.0,29.0,6.0,normal,200/140,78.0,2153.0,Insomnia
135.0,F,57.0,Sales Representative,4.4,6.0,41.0,1.0,Obese,90/60,65.0,10881.0,
343.0, Male,62.0,Doctor,6.9,8.0,11.0,1.0,,90/60,,13542.0,Insomnia 
166.0,FEMALE,-9.0,Doctor,8.8,7.0,79.0,3.0,Obese,110/70,77.0,13159.0,NONE
322.0,male,,,7.3,9.0,27.0,8.0,normal,90/60,82.0,11919.0,sleep apnea
61.0,M,,Engineer,9.5,9.0,67.0,8.0,Overweight,05/70,95.0,6428.0,None
154.0,Male,38.0,Teacher,6.9,2.0,61.0,5.0,Normal Weight,140/95 ,77.0,9162.0,none
236.0,M,53.0,Accountant,,-3.0,9.0,6.0,Obese,130/85,93.0,3179.0,none
277.0,male,36.0,Lawyer,8.1,7.0,65.0,15.0,Overweight,05/70,66.0,3000.0,sleep apnea
353.0,F,30.0,Software Engineer,6.4,8.0,18.0,7.0,,110/70,95.0,1122.0,Sleep Apnea
118.0,,54.0,Accountant,5.2,5.0,42.0,7.0,Obese,140/95 ,10.0,-1000.0,Insomnia 
40.0,Female ,55.0,Nurse,5.4,3.0,55.0,2.0,OVERWEIGHT,120/80,77.0,13339.0,NONE
144.0,M,-10.0,Lawyer,3.1,-3.0,16.0,1.0,OVERWEIGHT,110/70,,12153.0,None
291.0,F,41.0,Doctor,8.8,2.0,66.0,1.0,Underweight,110/70,60.0,9732.0,Sleep Apnea
325.0,Male,29.0,Lawyer,4.8,9.0,51.0,2.0,Normal,110/70,75.0,6629.0,Sleep Apnea
269.0, Male,47.0,Accountant,6.9,4.0,,2.0,Overweight,05/70,96.0,11285.0,Insomnia
261.0, Male,42.0,Nurse,7.4,2.0,10.0,7.0,,200/140,74.0,5977.0,none
334.0,FEMALE,-2.0,DOCTOR,5.7,4.0,54.0,8.0,Obese,05/70,75.0,10590.0,none
273.0,Female ,54.0,Accountant,7.7,5.0,97.0,9.0,Overweight,130/85,97.0,7963.0,Sleep Apnea
323.0,M,65.0,Teacher,5.8,4.0,37.0,8.0,Underweight,110/70,95.0,12713.0,None
22.0,FEMALE,32.0,engineer,4.9,9.0,23.0,9.0,normal,130/85,60.0,13016.0,
191.0,,41.0,Engineer,8.4,5.0,38.0,3.0,Underweight,90/60,61.0,13738.0,None
201.0,Male,63.0,Salesperson,5.6,9.0,46.0,8.0,Overweight,200/140,60.0,2661.0,Insomnia
256.0,M,26.0,Software Engineer,5.7,6.0,8.0,9.0,,110/70,,8126.0,none
314.0,F,21.0,Doctor,7.1,9.0,76.0,7.0,Underweight,05/70,72.0,1027.0,None
88.0,Female,45.0,DOCTOR,5.7,5.0,-20.0,1.0,Normal,120/80,92.0,13939.0,Insomnia
56.0,Female ,27.0,Sales Representative,7.5,2.0,5.0,4.0,Overweight,120/80,61.0,4916.0,
372.0,,49.0,Scientist,8.0,5.0,88.0,2.0,normal,110/70,67.0,13828.0,none
248.0, Male,31.0,Engineer,4.8,8.0,13.0,3.0,Normal Weight,120/80,260.0,9390.0,None
42.0,Male,24.0,Sales Representative,7.2,3.0,32.0,9.0,Normal,120/80,78.0,4140.0,
17.0,Female,-2.0,,4.6,6.0,86.0,,OVERWEIGHT, 118/76,81.0,1293.0,Insomnia
295.0,Female ,61.0,Scientist,7.6,4.0,63.0,5.0,Underweight,120/80,78.0,11720.0,NONE
187.0,FEMALE,24.0,,7.1,19.0,94.0,5.0,Normal,200/140,61.0,10036.0,sleep apnea
363.0,,54.0,Lawyer,8.3,1.0,-20.0,2.0,,160/100,91.0,3223.0,None
319.0,F,65.0,Software Engineer,5.3,11.0,,4.0,, 118/76,86.0,11979.0,None
354.0,Female,52.0,Sales Representative,3.3,2.0,87.0,7.0,Underweight,160/100,78.0,6106.0,NONE
350.0,Female ,36.0,Nurse,5.4,6.0,63.0,6.0,Obese,90/60,91.0,9512.0,Insomnia
181.0,,60.0,Lawyer,9.0,5.0,87.0,8.0,OVERWEIGHT,130/85,80.0,6364.0,
318.0,Female,60.0,Software Engineer,7.1,11.0,67.0,8.0,Underweight,200/140,80.0,8617.0,Sleep Apnea
321.0,Female,38.0,Software Engineer,6.7,8.0,64.0,1.0,normal,130/85,64.0,7869.0,None
85.0,Female ,61.0,Sales Representative,4.0,7.0,53.0,6.0,OVERWEIGHT,110/70,87.0,8233.0,none
27.0,Female ,67.0,Teacher,4.6,,38.0,5.0,Underweight,160/100,99.0,10649.0,none
45.0,M,200.0,engineer,3.4,7.0,75.0,7.0,OVERWEIGHT,130/85,87.0,11510.0,none
50.0, Male,,Teacher,3.4,2.0,0.0,6.0,normal, 118/76,82.0,8365.0,Insomnia
12.0, Male,51.0,Teacher,9.6,1.0,65.0,6.0,Normal,140/95 ,93.0,10457.0,sleep apnea
360.0,,58.0,Scientist,3.6,9.0,92.0,5.0,Underweight,05/70,95.0,5702.0,
230.0,F,46.0,Lawyer,5.3,1.0,60.0,1.0,Normal Weight,05/70,71.0,10719.0,sleep apnea
294.0,Female,,Software Engineer,4.3,8.0,67.0,2.0,Normal Weight,140/95 ,77.0,9162.0,
13.0, Male,58.0,,8.7,1.0,4.0,6.0,Obese,160/100,91.0,3303.0,sleep apnea
240.0, Male,34.0,Nurse,6.7,9.0,23.0,2.0,Normal Weight,200/140,61.0,6969.0,Sleep Apnea
252.0,Male,39.0,DOCTOR,9.1,2.0,,5.0,Overweight,130/85,61.0,14452.0,None
54.0,Male,33.0,Manager,8.7,7.0,15.0,3.0,Underweight,120/80,67.0,8415.0,NONE
348.0,male,31.0,Lawyer,8.7,5.0,64.0,5.0,Overweight, 118/76,60.0,-1000.0,sleep apnea
62.0,Male,20.0,,9.2,7.0,51.0,6.0,Normal Weight, 118/76,72.0,8824.0,Sleep Apnea
175.0,FEMALE,25.0,Salesperson,3.3,19.0,15.0,3.0,normal,110/70,88.0,7959.0,None
184.0,,40.0,Sales Representative,9.9,16.0,38.0,5.0,Normal Weight,130/85,83.0,11097.0,None
260.0, Male,-5.0,engineer,4.7,1.0,73.0,4.0,Normal Weight,200/140,63.0,50000.0,Insomnia
102.0,M,52.0,DOCTOR,3.0,-3.0,22.0,1.0,normal, 118/76,73.0,8043.0,none
107.0,male,59.0,Manager,8.9,7.0,22.0,9.0,OVERWEIGHT,110/70,83.0,11546.0,Sleep Apnea
29.0,M,69.0,engineer,6.3,8.0,-20.0,7.0,Underweight,140/95 ,99.0,4184.0,Insomnia 
344.0,Female ,54.0,Doctor,18.5,3.0,27.0,3.0,Obese,200/140,82.0,,none
279.0,Male,44.0,Nurse,7.8,3.0,88.0,5.0,Normal,05/70,94.0,1775.0,Sleep Apnea
312.0,Female ,28.0,,,7.0,36.0,3.0,Normal Weight,90/60,83.0,10946.0,NONE
296.0,Male,24.0,Nurse,9.7,-3.0,-20.0,1.0,Obese,120/80,88.0,3747.0,
258.0,M,27.0,Lawyer,6.6,2.0,16.0,7.0,normal,90/60,98.0,3661.0,NONE
71.0,Male,26.0,Doctor,6.3,4.0,41.0,0.0,Underweight,120/80,91.0,6665.0,
83.0,FEMALE,40.0,Teacher,9.7,9.0,59.0,6.0,,200/140,97.0,6414.0,None
17.0,Female,-2.0,,4.6,6.0,86.0,,OVERWEIGHT, 118/76,81.0,1293.0,Insomnia
53.0,male,60.0,,6.9,2.0,49.0,2.0,Obese,200/140,80.0,10833.0,
298.0,male,36.0,Sales Representative,8.5,3.0,36.0,5.0,Overweight,140/95 ,66.0,10542.0,sleep apnea
131.0,Female ,67.0,,9.8,7.0,78.0,2.0,Overweight,05/70,85.0,9119.0,Insomnia 
251.0,M,61.0,engineer,4.6,5.0,1.0,5.0,Normal Weight,130/85,60.0,12631.0,
99.0,Male,29.0,Software Engineer,3.7,12.0,89.0,15.0,Underweight,130/85,63.0,-1000.0,None
147.0,male,29.0,Lawyer,16.2,1.0,77.0,,,200/140,63.0,6976.0,Sleep Apnea
32.0,M,29.0,DOCTOR,,2.0,92.0,7.0,Underweight,200/140,94.0,6584.0,NONE
152.0,Male,56.0,Nurse,7.3,5.0,45.0,15.0,Obese,140/95 ,94.0,4221.0,Sleep Apnea
176.0,F,25.0,Lawyer,9.8,9.0,24.0,1.0,Normal Weight,130/85,67.0,5763.0,None
227.0,FEMALE,67.0,Engineer,9.7,2.0,54.0,2.0,,160/100,80.0,7006.0,Insomnia
189.0,Female ,18.0,Salesperson,8.4,3.0,11.0,8.0,Normal Weight,110/70,61.0,7648.0,Insomnia
151.0,FEMALE,36.0,Engineer,6.7,7.0,81.0,4.0,Overweight,110/70,83.0,13262.0,Insomnia 
125.0,male,25.0,engineer,4.4,2.0,4.0,15.0,Underweight, 118/76,82.0,13614.0,Sleep Apnea
105.0,F,34.0,Teacher,15.9,2.0,53.0,9.0,OVERWEIGHT, 118/76,91.0,9347.0,None
84.0,M,26.0,Nurse,6.5,7.0,25.0,6.0,Underweight,130/85,96.0,9779.0,None
310.0,male,64.0,Scientist,7.5,1.0,14.0,0.0,Normal Weight,140/95 ,260.0,13882.0,None
106.0,,35.0,engineer,6.7,4.0,87.0,8.0,Normal Weight,140/95 ,68.0,11614.0,Insomnia 
330.0,Male,62.0,engineer,9.0,8.0,86.0,8.0,Normal Weight,130/85,99.0,7848.0,Insomnia 
215.0, Male,23.0,Scientist,6.2,7.0,66.0,5.0,Normal,140/95 ,76.0,1212.0,Insomnia
346.0, Male,62.0,Sales Representative,4.0,5.0,43.0,9.0,normal,160/100,86.0,8954.0,Sleep Apnea
183.0,Male,18.0,Scientist,5.0,7.0,77.0,9.0,OVERWEIGHT,140/95 ,62.0,12310.0,sleep apnea
104.0,,51.0,Doctor,5.7,9.0,32.0,1.0,,90/60,66.0,7885.0,sleep apnea
114.0,FEMALE,-5.0,Salesperson,20.1,2.0,36.0,7.0,OVERWEIGHT, 118/76,74.0,7464.0,Insomnia
55.0,male,,Doctor,9.0,1.0,-20.0,7.0,normal,110/70,71.0,3895.0,NONE
198.0,,18.0,Lawyer,5.0,6.0,500.0,7.0,normal,120/80,86.0,9330.0,
78.0,FEMALE,56.0,Software Engineer,7.1,2.0,10.0,0.0,normal,130/85,94.0,8081.0,None
9.0,Female ,50.0,Manager,6.6,4.0,31.0,1.0,Obese,110/70,60.0,5580.0,Sleep Apnea
3.0,Female ,30.0,Teacher,3.6,2.0,76.0,9.0,Underweight,140/95 ,71.0,9637.0,
250.0,F,64.0,Teacher,20.6,4.0,24.0,5.0,Normal Weight,05/70,10.0,10551.0,none
137.0,Female ,53.0,engineer,20.9,6.0,4.0,3.0,OVERWEIGHT, 118/76,67.0,8907.0,
170.0,male,,Accountant,5.5,7.0,17.0,9.0,OVERWEIGHT,90/60,76.0,4405.0,none
26.0,M,42.0,Sales Representative,5.5,1.0,83.0,5.0,normal,05/70,68.0,5840.0,Sleep Apnea
317.0, Male,27.0,Sales Representative,3.7,9.0,20.0,,Obese,140/95 ,86.0,6039.0,Insomnia 
267.0,Male,23.0,Software Engineer,,4.0,99.0,1.0,OVERWEIGHT,90/60,79.0,50000.0,Insomnia
51.0,,64.0,DOCTOR,9.3,8.0,500.0,7.0,Normal,140/95 ,63.0,3992.0,Insomnia 
86.0,,30.0,,7.9,9.0,75.0,5.0,Overweight,90/60,79.0,4766.0,Insomnia 
324.0,Male,68.0,,8.6,15.0,58.0,3.0,OVERWEIGHT,200/140,88.0,5072.0,Sleep Apnea
23.0,FEMALE,31.0,Sales Representative,4.3,9.0,47.0,3.0,normal,200/140,64.0,4595.0,Insomnia
63.0,Male,53.0,Accountant,7.7,8.0,38.0,2.0,Obese,05/70,93.0,13284.0,Sleep Apnea
100.0, Male,65.0,Lawyer,4.4,-3.0,31.0,6.0,Overweight,130/85,65.0,13190.0,None
70.0,F,67.0,Salesperson,4.8,9.0,28.0,6.0,OVERWEIGHT,200/140,67.0,13148.0,none
266.0,,40.0,Teacher,3.7,8.0,43.0,1.0,OVERWEIGHT, 118/76,63.0,3413.0,NONE
180.0, Male,39.0,Manager,7.6,4.0,19.0,3.0,Normal,05/70,66.0,8888.0,Sleep Apnea
163.0,M,200.0,Sales Representative,4.9,6.0,59.0,,Obese,140/95 ,260.0,1866.0,NONE
244.0,Female ,68.0,Manager,5.0,9.0,67.0,0.0,OVERWEIGHT,90/60,82.0,4822.0,sleep apnea
96.0,M,50.0,Scientist,6.7,2.0,84.0,6.0,normal, 118/76,66.0,8341.0,sleep apnea
278.0,male,46.0,engineer,4.7,8.0,12.0,5.0,Normal,200/140,60.0,2494.0,None
30.0,F,200.0,engineer,8.2,9.0,81.0,15.0,Underweight,120/80,75.0,7743.0,Insomnia
207.0,Female,48.0,Nurse,4.5,6.0,56.0,9.0,Underweight, 118/76,84.0,14506.0,Insomnia 
361.0,FEMALE,61.0,Nurse,8.6,4.0,18.0,1.0,Obese,200/140,80.0,6648.0,Insomnia
289.0, Male,60.0,DOCTOR,7.9,7.0,40.0,9.0,normal,140/95 ,93.0,11830.0,none
165.0,FEMALE,23.0,Nurse,5.3,4.0,81.0,3.0,OVERWEIGHT,05/70,88.0,9768.0,
367.0,male,61.0,Nurse,4.8,4.0,18.0,5.0,Normal Weight, 118/76,61.0,4199.0,NONE
117.0,male,19.0,engineer,7.5,5.0,43.0,4.0,Obese,90/60,260.0,9395.0,None
87.0,Female,67.0,Manager,,2.0,68.0,9.0,normal,200/140,99.0,12401.0,sleep apnea
260.0, Male,-5.0,engineer,4.7,1.0,73.0,4.0,Normal Weight,200/140,63.0,50000.0,Insomnia
124.0,Female ,54.0,Lawyer,7.7,1.0,66.0,5.0,Normal,140/95 ,10.0,12741.0,None
341.0,F,62.0,Accountant,8.2,3.0,35.0,4.0,,90/60,63.0,13370.0,Insomnia 
4.0,FEMALE,68.0,Engineer,9.7,9.0,29.0,5.0,, 118/76,89.0,12807.0,
113.0,,22.0,Scientist,,9.0,12.0,8.0,Underweight,160/100,76.0,3583.0,Insomnia 
233.0,Male,20.0,Software Engineer,3.9,4.0,78.0,5.0,Underweight,05/70,74.0,3803.0,
155.0,Male,49.0,Engineer,14.0,1.0,14.0,9.0,,90/60,64.0,2398.0,sleep apnea
351.0,male,50.0,Software Engineer,7.7,5.0,52.0,5.0,normal,160/100,91.0,12117.0,none
95.0,M,66.0,Manager,5.6,19.0,,3.0,,140/95 ,83.0,14781.0,NONE
197.0,M,38.0,Lawyer,7.3,7.0,91.0,2.0,Obese,140/95 ,67.0,50000.0,NONE
359.0,male,20.0,Lawyer,6.8,5.0,17.0,7.0,normal,110/70,79.0,3635.0,NONE
52.0,Female,49.0,Salesperson,5.1,5.0,49.0,9.0,Normal Weight,200/140,80.0,,Insomnia
37.0,male,27.0,Software Engineer,8.5,16.0,93.0,2.0,normal,140/95 ,,1975.0,NONE
98.0,,69.0,Nurse,7.7,19.0,15.0,1.0,Normal Weight,110/70,10.0,50000.0,Insomnia 
203.0,Female,64.0,Lawyer,,6.0,50.0,4.0,OVERWEIGHT,140/95 ,97.0,10792.0,
14.0,male,39.0,DOCTOR,5.3,2.0,500.0,7.0,Obese,05/70,85.0,1324.0,Insomnia
164.0,,25.0,Nurse,3.8,7.0,99.0,5.0,Overweight,200/140,87.0,2169.0,Insomnia
59.0,Male,46.0,Salesperson,4.8,9.0,82.0,7.0,normal,05/70,91.0,7673.0,Insomnia 
231.0,M,54.0,Nurse,3.1,6.0,38.0,0.0,,120/80,79.0,1332.0,
208.0,male,27.0,Teacher,7.2,7.0,74.0,8.0,Underweight,90/60,93.0,1826.0,Insomnia
218.0,F,69.0,Sales Representative,,3.0,98.0,0.0,OVERWEIGHT,130/85,77.0,12321.0,sleep apnea
332.0,Female,-3.0,,6.1,5.0,34.0,6.0,Normal,200/140,67.0,11788.0,Insomnia
234.0,Female,35.0,Software Engineer,4.6,6.0,-20.0,0.0,Obese, 118/76,260.0,7452.0,Insomnia
299.0, Male,39.0,Software Engineer,4.1,5.0,34.0,3.0,Underweight,140/95 ,10.0,7853.0,Sleep Apnea
12.0,male,59.0,Lawyer,9.8,9.0,37.0,4.0,Underweight,130/85,89.0,8301.0,Insomnia 
129.0,male,26.0,DOCTOR,20.8,3.0,0.0,8.0,Normal,160/100,82.0,6185.0,
378.0,Male,59.0,Doctor,4.8,8.0,61.0,7.0,Normal,110/70,79.0,6321.0,NONE
79.0, Male,,Nurse,6.6,5.0,16.0,7.0,OVERWEIGHT,200/140,74.0,6157.0,Insomnia 
46.0,male,25.0,DOCTOR,8.5,,68.0,9.0,OVERWEIGHT,110/70,77.0,10570.0,Insomnia
116.0,Female,19.0,Manager,3.3,7.0,61.0,1.0,normal,90/60,86.0,13142.0,Insomnia 
320.0,F,28.0,,6.8,6.0,46.0,,Normal Weight,05/70,88.0,1857.0,Insomnia
158.0,M,24.0,Salesperson,7.6,5.0,29.0,1.0,OVERWEIGHT,160/100,62.0,11820.0,Sleep Apnea
25.0,F,55.0,Salesperson,4.5,4.0,37.0,5.0,,110/70,69.0,1312.0,Sleep Apnea
371.0,Female,57.0,engineer,9.7,8.0,,3.0,Obese,140/95 ,75.0,5307.0,sleep apnea
194.0,male,51.0,Manager,8.6,7.0,76.0,9.0,normal,110/70,74.0,6898.0,Insomnia
217.0,,,engineer,3.9,1.0,48.0,1.0,Underweight, 118/76,81.0,7302.0,Sleep Apnea
127.0,Male,41.0,engineer,,4.0,63.0,6.0,Normal Weight,05/70,89.0,,
358.0, Male,24.0,,8.6,1.0,-20.0,0.0,Overweight, 118/76,260.0,13903.0,Insomnia
364.0,FEMALE,,Nurse,3.9,-3.0,60.0,2.0,Underweight,130/85,94.0,2563.0,Sleep Apnea
326.0,M,59.0,engineer,6.0,6.0,-20.0,4.0,Overweight,120/80,82.0,,Insomnia
34.0, Male,30.0,Accountant,7.7,3.0,62.0,4.0,OVERWEIGHT,110/70,67.0,3469.0,NONE
271.0, Male,26.0,Lawyer,7.6,6.0,77.0,1.0,OVERWEIGHT,130/85,65.0,13705.0,Insomnia 
123.0,FEMALE,36.0,DOCTOR,5.9,6.0,29.0,1.0,Normal,200/140,93.0,13491.0,none
330.0,Male,22.0,Scientist,7.8,7.0,59.0,1.0,Underweight,200/140,88.0,7004.0,Insomnia
379.0,Female,19.0,DOCTOR,7.4,1.0,14.0,15.0,,110/70,65.0,7370.0,Sleep Apnea
67.0,Female,37.0,Sales Representative,8.3,-3.0,77.0,8.0,Normal Weight, 118/76,70.0,-1000.0,Sleep Apnea
195.0,FEMALE,33.0,Teacher,6.1,1.0,89.0,1.0,normal,90/60,73.0,10400.0,none
178.0,Male,51.0,Teacher,3.6,4.0,34.0,2.0,Overweight,130/85,85.0,14826.0,Insomnia
347.0,male,20.0,,20.5,3.0,5.0,15.0,Underweight,110/70,98.0,3592.0,sleep apnea
268.0,,43.0,Software Engineer,4.0,6.0,76.0,0.0,normal,05/70,82.0,1906.0,none
113.0,,22.0,Scientist,,9.0,12.0,8.0,Underweight,160/100,76.0,3583.0,Insomnia 
293.0,,47.0,Sales Representative,,4.0,-20.0,5.0,Overweight,140/95 ,69.0,8087.0,
8.0,Male,43.0,Software Engineer,8.6,1.0,0.0,3.0,Obese,140/95 ,87.0,8797.0,Sleep Apnea
1.0,FEMALE,19.0,Manager,8.8,2.0,55.0,1.0,Obese,140/95 ,98.0,14527.0,none
122.0,Female,46.0,Software Engineer,5.5,7.0,43.0,2.0,Obese,160/100,95.0,14778.0,None
109.0, Male,-5.0,Doctor,14.8,9.0,83.0,4.0,Overweight,110/70,68.0,8261.0,
171.0,FEMALE,19.0,Doctor,5.0,1.0,23.0,4.0,Normal Weight,90/60,69.0,2496.0,Insomnia 
194.0,Female ,38.0,Software Engineer,9.5,1.0,83.0,1.0,, 118/76,74.0,13914.0,
212.0,Female ,30.0,Engineer,,5.0,96.0,,Normal Weight, 118/76,84.0,12604.0,Insomnia 
6.0,M,45.0,Scientist,3.8,1.0,10.0,8.0,Normal,05/70,93.0,12302.0,none
5.0,,29.0,engineer,9.8,6.0,28.0,0.0,Overweight,200/140,74.0,8732.0,
355.0, Male,31.0,Software Engineer,6.1,5.0,30.0,3.0,Normal Weight,120/80,78.0,2165.0,NONE
58.0,M,51.0,Manager,7.6,4.0,66.0,15.0,Normal Weight,110/70,92.0,11295.0,Sleep Apnea
316.0, Male,46.0,Software Engineer,3.1,9.0,42.0,8.0,Normal, 118/76,80.0,7122.0,NONE
60.0,FEMALE,42.0,Engineer,7.5,8.0,26.0,9.0,Underweight,120/80,77.0,4672.0,none
222.0,male,43.0,Doctor,7.2,6.0,30.0,1.0,Overweight,110/70,95.0,12893.0,None
357.0,male,31.0,Nurse,8.1,5.0,71.0,5.0,, 118/76,77.0,5082.0,Sleep Apnea
48.0,Male,42.0,Salesperson,6.2,1.0,97.0,4.0,Underweight, 118/76,,9087.0,
287.0,F,64.0,engineer,4.8,9.0,20.0,2.0,Normal,120/80,67.0,4630.0,Sleep Apnea
47.0,Female,68.0,DOCTOR,3.4,7.0,96.0,8.0,Obese, 118/76,64.0,-1000.0,Sleep Apnea
257.0,,50.0,Engineer,6.7,9.0,26.0,5.0,OVERWEIGHT,140/95 ,10.0,10913.0,Insomnia 
102.0, Male,22.0,Scientist,7.6,8.0,38.0,8.0,Underweight, 118/76,82.0,8162.0,None
202.0, Male,21.0,Accountant,4.2,8.0,58.0,5.0,Underweight,110/70,81.0,9461.0,sleep apnea
121.0,Female ,200.0,Accountant,5.6,7.0,35.0,1.0,Normal Weight,110/70,87.0,3670.0,None
31.0,FEMALE,52.0,Doctor,7.9,9.0,92.0,6.0,normal, 118/76,97.0,6085.0,sleep apnea
238.0,Female,47.0,,4.6,16.0,85.0,8.0,,140/95 ,62.0,6066.0,Sleep Apnea
159.0,Female ,50.0,Software Engineer,19.8,7.0,74.0,1.0,normal,200/140,62.0,,sleep apnea
130.0,FEMALE,58.0,engineer,8.7,,75.0,5.0,Underweight,90/60,,1177.0,Sleep Apnea
211.0,Female ,35.0,Teacher,5.1,9.0,81.0,5.0,OVERWEIGHT,05/70,91.0,3138.0,
167.0, Male,28.0,Engineer,,1.0,47.0,0.0,Normal,160/100,89.0,11541.0,
57.0,F,53.0,,7.1,3.0,,3.0,OVERWEIGHT,160/100,88.0,5681.0,None
292.0, Male,28.0,Sales Representative,6.3,9.0,70.0,4.0,Normal Weight,130/85,75.0,2104.0,Sleep Apnea
210.0,,38.0,Nurse,8.9,7.0,4.0,15.0,Overweight,05/70,64.0,2621.0,none
223.0,F,48.0,Scientist,18.6,19.0,69.0,1.0,normal,200/140,75.0,2551.0,None
263.0,Female ,39.0,Scientist,4.2,,36.0,4.0,Normal Weight,90/60,76.0,4802.0,none
214.0,Male,33.0,Teacher,7.4,9.0,40.0,3.0,,110/70,85.0,9528.0,None
204.0,Male,27.0,engineer,9.9,3.0,9.0,8.0,Overweight, 118/76,71.0,7326.0,none
303.0,,19.0,Lawyer,8.5,4.0,40.0,5.0,Obese,130/85,96.0,10256.0,none
205.0,FEMALE,62.0,Salesperson,5.9,5.0,32.0,0.0,Normal Weight,200/140,260.0,13153.0,None
370.0,M,200.0,Manager,7.1,3.0,92.0,7.0,Underweight,130/85,81.0,5659.0,sleep apnea
128.0,Female ,34.0,Salesperson,5.5,4.0,3.0,7.0,Obese,90/60,84.0,8737.0,
275.0,M,68.0,Doctor,5.6,5.0,81.0,7.0,Normal,130/85,65.0,2558.0,None
340.0,,24.0,Nurse,5.6,9.0,82.0,4.0,Normal Weight,05/70,260.0,2885.0,sleep apnea
290.0,Female ,25.0,DOCTOR,9.2,1.0,18.0,6.0,Normal, 118/76,74.0,12255.0,Sleep Apnea
43.0,,28.0,Salesperson,9.7,1.0,63.0,4.0,normal, 118/76,80.0,4452.0,sleep apnea
306.0,F,30.0,Software Engineer,4.3,2.0,29.0,7.0,Normal,200/140,65.0,2275.0,sleep apnea
220.0,,23.0,Software Engineer,6.6,2.0,29.0,6.0,Normal Weight,90/60,85.0,8039.0,
247.0,Female,19.0,Software Engineer,4.0,9.0,76.0,,OVERWEIGHT,140/95 ,88.0,,Sleep Apnea
334.0,Male,26.0,Accountant,4.7,17.0,30.0,8.0,Normal Weight, 118/76,,,sleep apnea
311.0,Female ,42.0,Manager,5.7,2.0,21.0,2.0,Underweight, 118/76,74.0,8648.0,Insomnia 
77.0,male,28.0,Salesperson,8.1,6.0,82.0,4.0,Overweight,120/80,90.0,7215.0,None
315.0,F,33.0,DOCTOR,4.7,8.0,67.0,4.0,Normal,05/70,94.0,2384.0,sleep apnea
74.0,F,47.0,Sales Representative,3.8,8.0,30.0,15.0,Obese,90/60,75.0,7162.0,NONE
282.0,Male,,Software Engineer,6.9,6.0,4.0,1.0,Obese,160/100,82.0,,None
283.0,,39.0,Engineer,6.0,4.0,0.0,9.0,,130/85,97.0,10228.0,Insomnia
153.0,M,62.0,Doctor,5.3,6.0,56.0,,OVERWEIGHT,120/80,75.0,7278.0,None
33.0,Male,63.0,Nurse,5.8,4.0,27.0,1.0,normal,130/85,91.0,,None
16.0,FEMALE,20.0,Scientist,3.2,9.0,11.0,6.0,OVERWEIGHT,200/140,75.0,14622.0,none
108.0,,35.0,Accountant,9.2,9.0,,3.0,Normal,120/80,60.0,12810.0,
380.0,Male,38.0,Scientist,5.7,1.0,3.0,3.0,Overweight,140/95 ,90.0,13919.0,Insomnia 
148.0,,33.0,Lawyer,7.5,4.0,39.0,7.0,normal,110/70,66.0,10731.0,sleep apnea
255.0,FEMALE,22.0,Lawyer,4.8,2.0,-20.0,4.0,normal,05/70,77.0,6944.0,sleep apnea
36.0,F,57.0,Engineer,6.2,6.0,15.0,4.0,Obese,200/140,72.0,13914.0,Insomnia 
226.0, Male,,Doctor,4.0,6.0,46.0,1.0,Normal Weight,130/85,98.0,11066.0,sleep apnea
173.0, Male,200.0,Software Engineer,5.0,3.0,60.0,5.0,Obese,140/95 ,92.0,2026.0,none
374.0,FEMALE,62.0,Accountant,5.9,6.0,83.0,7.0,Underweight,140/95 ,73.0,3129.0,sleep apnea
18.0,Male,39.0,Manager,5.8,7.0,63.0,4.0,Normal,160/100,260.0,4578.0,none
232.0,Female,,Engineer,7.7,9.0,94.0,3.0,Normal,140/95 ,99.0,8931.0,Insomnia 
377.0,F,41.0,Sales Representative,5.1,7.0,64.0,6.0,normal,05/70,90.0,12566.0,sleep apnea
300.0,male,56.0,Salesperson,3.1,4.0,71.0,4.0,Normal,90/60,67.0,2456.0,sleep apnea
313.0,Male,21.0,Salesperson,4.1,9.0,73.0,2.0,Overweight,140/95 ,98.0,4090.0,sleep apnea
374.0,Male,22.0,,7.5,7.0,61.0,4.0,Normal,120/80,68.0,11814.0,Insomnia
335.0,Female ,200.0,Scientist,5.0,9.0,48.0,3.0,Normal,130/85,96.0,10770.0,
286.0, Male,44.0,Salesperson,6.1,6.0,81.0,9.0,Normal,120/80,87.0,3721.0,Insomnia
209.0,Female,51.0,,8.8,2.0,6.0,4.0,OVERWEIGHT,200/140,75.0,4611.0,Sleep Apnea
65.0,FEMALE,22.0,Software Engineer,8.1,5.0,72.0,4.0,Underweight, 118/76,79.0,10970.0,sleep apnea
11.0,male,55.0,Accountant,8.7,9.0,14.0,6.0,Normal,05/70,81.0,1601.0,
337.0,,51.0,Software Engineer,,2.0,11.0,9.0,Overweight,160/100,77.0,12071.0,Sleep Apnea
112.0,male,68.0,Doctor,8.5,4.0,81.0,6.0,Obese,130/85,84.0,9186.0,sleep apnea
362.0,FEMALE,32.0,Software Engineer,5.7,6.0,11.0,1.0,normal,200/140,81.0,11761.0,Sleep Apnea
342.0,,-8.0,Software Engineer,4.2,3.0,94.0,5.0,normal,140/95 ,97.0,3311.0,none
305.0,F,34.0,Software Engineer,8.6,6.0,63.0,8.0,,130/85,86.0,9005.0,Insomnia
94.0,Female,53.0,Doctor,9.4,8.0,62.0,4.0,Overweight,90/60,76.0,7069.0,sleep apnea
369.0,F,38.0,Lawyer,4.1,7.0,2.0,9.0,Obese,200/140,78.0,14392.0,Sleep Apnea
262.0,,20.0,Lawyer,9.4,1.0,76.0,7.0,Normal Weight,120/80,91.0,5773.0,Insomnia
101.0,Female,54.0,Salesperson,7.4,5.0,70.0,6.0,Normal Weight,90/60,62.0,7969.0,none
168.0,M,33.0,Lawyer,7.2,4.0,89.0,15.0,Obese, 118/76,260.0,,None
66.0,Female,24.0,Software Engineer,8.8,3.0,51.0,5.0,Obese,140/95 ,87.0,2916.0,sleep apnea
242.0,male,62.0,Manager,5.9,7.0,25.0,6.0,Normal,130/85,,6376.0,none
7.0,,31.0,Nurse,4.1,3.0,94.0,4.0,,110/70,88.0,10268.0,none
150.0,Female ,18.0,Doctor,9.8,7.0,62.0,0.0,Underweight,05/70,76.0,13267.0,
308.0,M,60.0,,6.0,8.0,75.0,8.0,Overweight, 118/76,61.0,10151.0,Insomnia
368.0,M,38.0,DOCTOR,18.7,4.0,92.0,1.0,OVERWEIGHT,120/80,78.0,4970.0,sleep apnea
149.0,Female,29.0,Lawyer,5.6,2.0,91.0,2.0,Normal,200/140,,11824.0,none
309.0,male,61.0,Software Engineer,6.7,4.0,25.0,,OVERWEIGHT,160/100,82.0,9045.0,None
373.0, Male,47.0,Doctor,4.4,5.0,92.0,2.0,,140/95 ,93.0,12846.0,None
253.0, Male,36.0,Engineer,9.4,,67.0,7.0,Normal Weight,110/70,80.0,12151.0,Insomnia
186.0, Male,66.0,,7.2,6.0,53.0,8.0,Overweight,90/60,91.0,9448.0,Insomnia
142.0,FEMALE,43.0,Software Engineer,,5.0,20.0,3.0,Overweight, 118/76,82.0,6557.0,None
133.0,Male,54.0,DOCTOR,7.0,4.0,43.0,8.0,normal,140/95 ,67.0,-1000.0,Sleep Apnea
119.0,male,37.0,Accountant,5.3,8.0,64.0,4.0,normal,05/70,85.0,10031.0,Insomnia 
245.0,Male,29.0,Manager,6.2,9.0,-20.0,3.0,Normal,160/100,78.0,1416.0,Insomnia 
288.0,M,62.0,Engineer,8.8,4.0,52.0,6.0,OVERWEIGHT,130/85,68.0,5998.0,Insomnia
120.0,F,38.0,Doctor,7.2,4.0,7.0,2.0,,140/95 ,10.0,1226.0,sleep apnea
375.0,FEMALE,-9.0,Sales Representative,5.7,5.0,71.0,8.0,,130/85,83.0,14257.0,Insomnia
39.0,,32.0,Teacher,5.2,6.0,73.0,7.0,,110/70,97.0,13361.0,None
307.0, Male,50.0,,7.7,,85.0,2.0,Normal Weight,200/140,73.0,11080.0,Insomnia 
85.0,Female ,61.0,Sales Representative,4.0,7.0,53.0,6.0,OVERWEIGHT,110/70,87.0,8233.0,none
225.0, Male,48.0,Software Engineer,7.6,5.0,29.0,9.0,Normal,140/95 ,98.0,14840.0,NONE
20.0,,52.0,Nurse,9.0,4.0,70.0,2.0,Obese,120/80,70.0,,
73.0,M,31.0,Doctor,7.5,8.0,9.0,2.0,normal,140/95 ,61.0,1306.0,
76.0, Male,58.0,Doctor,3.4,6.0,-20.0,5.0,OVERWEIGHT,160/100,91.0,5707.0,Insomnia 
265.0,male,18.0,Teacher,5.8,1.0,37.0,7.0,Normal Weight,120/80,71.0,4831.0,Sleep Apnea
41.0,F,42.0,Sales Representative,3.7,,95.0,5.0,normal, 118/76,60.0,5231.0,Sleep Apnea
246.0,FEMALE,63.0,Accountant,4.4,5.0,87.0,4.0,normal,130/85,70.0,8784.0,Sleep Apnea
111.0,Female,32.0,DOCTOR,5.1,7.0,2.0,,normal,120/80,87.0,11829.0,
304.0,,57.0,,7.3,18.0,74.0,8.0,,130/85,78.0,12857.0,Insomnia 
356.0,Male,33.0,Accountant,6.0,17.0,29.0,4.0,Obese,110/70,10.0,11441.0,sleep apnea
49.0,FEMALE,69.0,Manager,9.0,6.0,68.0,3.0,Obese,160/100,67.0,4185.0,None
19.0,F,32.0,,6.2,2.0,97.0,4.0,Underweight,05/70,87.0,13628.0,Insomnia 
44.0, Male,,Teacher,4.9,9.0,69.0,2.0,Normal Weight,130/85,69.0,13231.0,sleep apnea
274.0,M,53.0,Engineer,9.4,3.0,29.0,,,110/70,79.0,7789.0,Insomnia 
91.0,M,24.0,Engineer,9.2,1.0,-20.0,0.0,Obese,90/60,65.0,12606.0,Sleep Apnea
276.0, Male,65.0,,7.8,9.0,98.0,8.0,normal,160/100,78.0,6616.0,Insomnia 
161.0,Male,49.0,Sales Representative,7.6,17.0,8.0,6.0,OVERWEIGHT,120/80,91.0,,Sleep Apnea
115.0,Female,200.0,Doctor,3.2,4.0,79.0,4.0,OVERWEIGHT,05/70,73.0,13985.0,
329.0,Male,65.0,Salesperson,7.1,5.0,3.0,8.0,Obese,130/85,78.0,3943.0,
69.0,,41.0,Teacher,8.2,9.0,60.0,6.0,Underweight,05/70,,14052.0,Insomnia
216.0, Male,50.0,Lawyer,15.2,7.0,20.0,7.0,Normal,140/95 ,76.0,10519.0,none
132.0,M,63.0,Manager,4.5,7.0,64.0,3.0,normal,200/140,73.0,12316.0,None
2.0,Female,-2.0,Accountant,5.8,6.0,62.0,1.0,Underweight,110/70,95.0,5786.0,Insomnia
188.0,M,19.0,Scientist,5.7,4.0,36.0,9.0,, 118/76,97.0,14638.0,sleep apnea
228.0,Female,64.0,Lawyer,,7.0,23.0,4.0,Obese,120/80,64.0,11639.0,Sleep Apnea
179.0,Male,,DOCTOR,9.6,17.0,2.0,7.0,normal,160/100,69.0,12426.0,
328.0,Female,48.0,Accountant,7.0,5.0,61.0,5.0,,120/80,84.0,5905.0,none
182.0,M,31.0,engineer,5.3,9.0,41.0,9.0,normal,120/80,82.0,3312.0,none
134.0,Male,63.0,Engineer,9.4,6.0,72.0,2.0,Normal Weight,90/60,75.0,8212.0,NONE
224.0,Male,38.0,Lawyer,7.1,,93.0,7.0,Obese, 118/76,83.0,3105.0,NONE
249.0,Male,46.0,Software Engineer,,4.0,88.0,4.0,Normal,05/70,81.0,6817.0,sleep apnea
284.0,M,56.0,Salesperson,8.1,15.0,68.0,6.0,Obese,130/85,98.0,4872.0,sleep apnea
169.0,male,52.0,Doctor,7.0,2.0,7.0,8.0,normal,160/100,260.0,7428.0,sleep apnea
336.0,FEMALE,48.0,Software Engineer,3.3,9.0,5.0,,Underweight,05/70,63.0,5519.0,none
264.0,F,32.0,Manager,3.9,2.0,63.0,4.0,Underweight,130/85,73.0,2771.0,Insomnia
143.0,Female,36.0,engineer,9.3,7.0,60.0,1.0,,05/70,86.0,7523.0,none
246.0,FEMALE,63.0,Accountant,4.4,5.0,87.0,4.0,normal,130/85,70.0,8784.0,Sleep Apnea
301.0,M,62.0,Nurse,5.4,7.0,52.0,2.0,Normal Weight,90/60,67.0,6819.0,None
28.0,F,27.0,DOCTOR,6.2,5.0,56.0,7.0,normal,140/95 ,85.0,7327.0,Sleep Apnea
139.0,Female ,31.0,Teacher,6.1,-3.0,57.0,9.0,Overweight,05/70,68.0,10007.0,
90.0,F,18.0,Teacher,6.9,9.0,24.0,9.0,Normal Weight,130/85,92.0,8801.0,None
366.0,Male,200.0,Scientist,5.5,9.0,52.0,6.0,Normal Weight,200/140,64.0,8955.0,Insomnia
24.0, Male,41.0,Accountant,7.6,1.0,14.0,5.0,Overweight,110/70,,6436.0,NONE
97.0,FEMALE,28.0,Software Engineer,8.3,8.0,500.0,4.0,Obese,110/70,99.0,1720.0,none
80.0, Male,29.0,Salesperson,8.5,2.0,8.0,7.0,normal,160/100,64.0,9062.0,
376.0,Female,41.0,Lawyer,3.9,3.0,6.0,4.0,normal,90/60,93.0,,sleep apnea
193.0,,28.0,DOCTOR,5.9,4.0,90.0,6.0,normal,160/100,89.0,10696.0,Sleep Apnea
243.0,Female ,28.0,Scientist,6.5,2.0,46.0,3.0,Normal Weight,05/70,92.0,11508.0,sleep apnea
172.0,Female,29.0,Salesperson,6.7,1.0,92.0,3.0,Obese,120/80,85.0,2898.0,none
327.0,F,56.0,,4.4,,16.0,7.0,Obese,140/95 ,88.0,12170.0,NONE
68.0,FEMALE,18.0,Engineer,6.3,9.0,36.0,7.0,normal, 118/76,99.0,9319.0,Insomnia
146.0,male,57.0,Manager,4.7,3.0,93.0,7.0,Obese,200/140,,-1000.0,
15.0,M,18.0,Scientist,8.7,6.0,51.0,9.0,Overweight,160/100,97.0,11989.0,Insomnia
82.0,F,-4.0,Manager,9.5,11.0,94.0,2.0,Overweight,90/60,86.0,7024.0,NONE
232.0,male,,Software Engineer,5.5,7.0,32.0,4.0,Normal,120/80,64.0,11291.0,Sleep Apnea
38.0, Male,56.0,Engineer,7.9,6.0,68.0,6.0,,200/140,95.0,9153.0,Sleep Apnea
60.0,F,29.0,Salesperson,4.6,4.0,19.0,8.0,Underweight,120/80,89.0,2133.0,sleep apnea
141.0,FEMALE,19.0,Salesperson,9.3,3.0,92.0,2.0,Underweight, 118/76,95.0,7732.0,none
35.0,Female,23.0,,7.7,3.0,21.0,,Underweight,05/70,64.0,3368.0,Sleep Apnea
126.0,,25.0,Lawyer,6.2,2.0,49.0,6.0,normal,120/80,91.0,9473.0,None
237.0,M,30.0,Nurse,6.0,1.0,,3.0,Overweight,05/70,91.0,1135.0,Insomnia
302.0,FEMALE,29.0,Sales Representative,,7.0,4.0,8.0,Normal Weight,130/85,67.0,14198.0,sleep apnea
254.0,FEMALE,57.0,Software Engineer,9.2,4.0,2.0,8.0,,05/70,94.0,1937.0,Sleep Apnea
177.0,FEMALE,21.0,Accountant,8.7,3.0,75.0,1.0,Underweight,120/80,67.0,10102.0,Insomnia
93.0,Female,20.0,Accountant,4.2,6.0,83.0,15.0,normal,90/60,260.0,10721.0,Sleep Apnea
110.0,,66.0,Accountant,,8.0,27.0,6.0,OVERWEIGHT, 118/76,94.0,2455.0,
281.0,M,34.0,,8.6,2.0,47.0,9.0,Overweight,110/70,87.0,10589.0,NONE
339.0,Male,,engineer,3.3,5.0,10.0,3.0,Normal Weight,160/100,76.0,11624.0,none
72.0,Male,42.0,engineer,8.0,5.0,-20.0,3.0,normal, 118/76,60.0,4372.0,NONE
162.0,F,55.0,Manager,3.6,8.0,58.0,7.0,OVERWEIGHT,90/60,96.0,11328.0,
333.0,Female ,58.0,Teacher,6.8,9.0,60.0,2.0,Normal Weight,160/100,98.0,11806.0,none
270.0,Male,29.0,Lawyer,5.4,9.0,44.0,1.0,Overweight,160/100,73.0,8775.0,Sleep Apnea
338.0,F,56.0,engineer,5.4,4.0,75.0,4.0,OVERWEIGHT,90/60,260.0,13301.0,None
92.0,Female,61.0,Accountant,9.0,2.0,36.0,8.0,Obese,05/70,81.0,12843.0,Insomnia 
81.0,M,60.0,Scientist,6.9,6.0,91.0,8.0,Normal Weight,130/85,10.0,10039.0,None
192.0,male,33.0,engineer,8.1,8.0,75.0,7.0,OVERWEIGHT,120/80,84.0,50000.0,Insomnia
,,,,,,,,,,,,
,,,,,,,,,,,,
,,,,,,,,,,,,
,,,,,,,,,,,,
